{
  "original": {
    "duration": 163.26966,
    "waveform": [
      0.19686957757255852,
      0.17435994714096742,
      0.25330836682045704,
      0.17043688740709148,
      0.2014890991608953,
      0.21987540575435707,
      0.15877542891168392,
      0.26069406021248615,
      0.4997640358123382,
      0.6267783462003179,
      0.5532126447786337,
      0.5690427681271947,
      0.5501889718051433,
      0.6063556553036674,
      0.4651025480123167,
      0.5792161941687446,
      0.40058705637157715,
      0.5109972006934598,
      0.892269461938652,
      0.8885203804521616,
      0.7335635479621075,
      0.791903545629193,
      0.6670180197602825,
      0.866458587998701,
      0.7945237790237383,
      0.8672632716969166,
      0.8589224340278686,
      0.9855019479454602,
      0.8509900473131106,
      0.8561269456784094,
      0.8968770636127759,
      0.7959719710436051,
      0.8956475107400933,
      0.8492680432898829,
      0.8539020859348735,
      0.8282140622819455,
      0.9318439589445222,
      0.83657322726654,
      0.8814397366364756,
      0.8736475729766023,
      0.8669130481513944,
      0.8736190320008294,
      0.7989718280523619,
      0.9336652359269603,
      0.6771508775252321,
      0.7945648245741811,
      0.516996007890673,
      0.9031294464024339,
      0.834464726885771,
      0.3848992560828074,
      0.8679038686481295,
      0.8714839951944251,
      0.740229154444479,
      0.6259402056057531,
      0.8727817027717965,
      0.8512360342514619,
      0.8271912644377724,
      0.8548762973018946,
      0.7839304474556817,
      0.7242118442949453,
      0.4749579187653193,
      0.6721775409057092,
      0.8833684002334442,
      0.9122986405522784,
      0.8549461701924158,
      0.9193576161355214,
      0.9071007465899261,
      0.7845636466623381,
      0.8907553584011555,
      0.8977911384756599,
      0.707799303676555,
      0.8362457219559141,
      0.9003377762437136,
      0.9145056502541101,
      0.8839364515606186,
      0.8114570731315254,
      0.8428690419758527,
      0.9896891668192352,
      0.8357521253481474,
      0.8389638919429112,
      0.8703363425130911,
      0.8311740191974812,
      1.0,
      0.8651455122036058,
      0.8651242257902366,
      0.8088325442723989,
      0.9297369858400487,
      0.824668967635679,
      0.8781828199362247,
      0.8897148059700467,
      0.7182122257322001,
      0.977477447379127,
      0.7923200625114187,
      0.6611146196041567,
      0.8693711038943064,
      0.9049594097688028,
      0.911814398511822,
      0.9210686428603747,
      0.8585552195335584,
      0.7857238516457261,
      0.9406494704264899,
      0.8553255074423219,
      0.7659630918410418,
      0.8150275587462055,
      0.7066207236502362,
      0.9560918565055193,
      0.8441319085627318,
      0.7043105273436866,
      0.824569790131237,
      0.5533312950558439,
      0.9016630702491732,
      0.7394608390130512,
      0.898126757441606,
      0.7817196195631112,
      0.8581162230533576,
      0.7591053826371212,
      0.814235856896502,
      0.8220058750500899,
      0.5783900331476229,
      0.08078163447390964
    ],
    "structure": [
      {
        "name": "Verso 1",
        "start": 0.0,
        "end": 43.5,
        "type": "verse"
      },
      {
        "name": "Ponte",
        "start": 43.5,
        "end": 55.8,
        "type": "intro"
      },
      {
        "name": "Refr\u00e3o",
        "start": 55.8,
        "end": 81.0,
        "type": "chorus"
      },
      {
        "name": "Ponte",
        "start": 81.0,
        "end": 94.0,
        "type": "intro"
      },
      {
        "name": "Verso 2",
        "start": 94.0,
        "end": 124.5,
        "type": "verse"
      },
      {
        "name": "Refr\u00e3o",
        "start": 124.5,
        "end": 150.0,
        "type": "chorus"
      },
      {
        "name": "Sa\u00edda",
        "start": 150.0,
        "end": 163.26966,
        "type": "intro"
      }
    ]
  },
  "remix": {
    "duration": 152.79746,
    "waveform": [
      0.18210378384248527,
      0.3428374383301297,
      0.25734167116423684,
      0.4306500502822878,
      0.500286046160878,
      0.2767887621163075,
      0.331079499894857,
      0.298224845752478,
      0.2927061997792172,
      0.5003107179475977,
      0.6923085512971113,
      0.43949532202683855,
      0.35791772772216174,
      0.3759379728250215,
      0.6070662370123283,
      0.6287390930288279,
      0.7882864777601116,
      0.7445385493003367,
      0.6831203870825364,
      0.7540407815212435,
      0.3901051618333113,
      0.48230261680764946,
      0.6076141112011517,
      0.3444262036848273,
      0.7092350720161428,
      0.3720889647180887,
      0.5277046716638841,
      0.8609630009044461,
      0.47267831682161504,
      0.5727574480006326,
      0.6984635862923134,
      0.8127322751009607,
      0.6221717914306475,
      0.4873098728254891,
      0.6524473191050291,
      0.6372705759386079,
      0.8132186617534333,
      0.7992431240218962,
      0.5314244233379888,
      0.6096535292484904,
      0.3408113856212827,
      0.33136757004955364,
      0.2516823401723619,
      0.29789329462712694,
      0.6725423672506075,
      0.6263503615655578,
      0.3370748138606168,
      0.3955352929734542,
      0.48526214942420515,
      0.6987006727406488,
      0.699341860023798,
      0.7273140129397414,
      0.8191886757964607,
      0.5365912607994902,
      0.615595975099851,
      0.7045467346105106,
      0.9763499811943057,
      0.963511090474129,
      0.7529598990292298,
      0.39135578063452486,
      0.8674793536927105,
      0.485300081860081,
      0.4421557223155857,
      0.5659931210731467,
      0.6819824837991508,
      0.7491816609130572,
      0.699517319350002,
      0.6256313552097287,
      0.7286340756667995,
      0.4060507434792328,
      0.4693692265140119,
      0.5860563436607502,
      0.33688689650349485,
      0.6927758146976429,
      0.36133785851822575,
      0.5759678511613572,
      0.8261305558368597,
      0.4140058767009487,
      0.5908332482441679,
      0.6564418453882289,
      0.7973701620179134,
      0.6203474750712009,
      0.4567232433426132,
      0.669029202531779,
      0.5853933112029384,
      0.8021248724622171,
      0.7936499217935767,
      0.5040411828303627,
      0.6203716234112434,
      0.32951066041033894,
      0.3295188610749487,
      0.2500315289381912,
      0.29812804301363743,
      0.7063957576531219,
      0.588271709584525,
      0.3536621411328098,
      0.39182765036581596,
      0.5215520794198424,
      0.6772271452188345,
      0.6967559636454418,
      0.7181446230126561,
      0.8212846958778295,
      0.5597849736884293,
      0.5960524303733913,
      0.7239487393554501,
      1.0,
      0.936026720068464,
      0.6642586491013781,
      0.4283511073723835,
      0.8354544672230603,
      0.38455948856328337,
      0.3638464592705791,
      0.582874590481492,
      0.6561378973509899,
      0.6701706652525696,
      0.7037070563473597,
      0.6482415297429033,
      0.6272167007128018,
      0.020179331784722154,
      0.0032256670839350935
    ],
    "structure": [
      {
        "name": "Intro",
        "start": 0.0,
        "end": 6.0,
        "type": "intro"
      },
      {
        "name": "Refr\u00e3o",
        "start": 6.0,
        "end": 25.5,
        "type": "chorus"
      },
      {
        "name": "Verso 1",
        "start": 25.5,
        "end": 49.0,
        "type": "verse"
      },
      {
        "name": "Refr\u00e3o",
        "start": 49.0,
        "end": 77.5,
        "type": "chorus"
      },
      {
        "name": "Ponte",
        "start": 77.5,
        "end": 86.5,
        "type": "intro"
      },
      {
        "name": "Verso 2",
        "start": 86.5,
        "end": 112.0,
        "type": "verse"
      },
      {
        "name": "Refr\u00e3o",
        "start": 112.0,
        "end": 152.79746,